State/territory,School sector,School level,Schools
Australian Capital Territory,Catholic,Combined,2
Australian Capital Territory,Catholic,Primary,24
Australian Capital Territory,Catholic,Secondary,6
Australian Capital Territory,Catholic,Special,0
Australian Capital Territory,Government,Combined,8
Australian Capital Territory,Government,Primary,56
Australian Capital Territory,Government,Secondary,19
Australian Capital Territory,Government,Special,4
Australian Capital Territory,Independent,Combined,11
Australian Capital Territory,Independent,Primary,3
Australian Capital Territory,Independent,Secondary,0
Australian Capital Territory,Independent,Special,1
New South Wales,Catholic,Combined,32
New South Wales,Catholic,Primary,424
New South Wales,Catholic,Secondary,131
New South Wales,Catholic,Special,11
New South Wales,Government,Combined,65
New South Wales,Government,Primary,1605
New South Wales,Government,Secondary,369
New South Wales,Government,Special,110
New South Wales,Independent,Combined,213
New South Wales,Independent,Primary,78
New South Wales,Independent,Secondary,13
New South Wales,Independent,Special,50
Northern Territory,Catholic,Combined,5
Northern Territory,Catholic,Primary,8
Northern Territory,Catholic,Secondary,4
Northern Territory,Catholic,Special,1
Northern Territory,Government,Combined,64
Northern Territory,Government,Primary,67
Northern Territory,Government,Secondary,15
Northern Territory,Government,Special,5
Northern Territory,Independent,Combined,13
Northern Territory,Independent,Primary,3
Northern Territory,Independent,Secondary,3
Northern Territory,Independent,Special,0
Queensland,Catholic,Combined,34
Queensland,Catholic,Primary,196
Queensland,Catholic,Secondary,61
Queensland,Catholic,Special,14
Queensland,Government,Combined,92
Queensland,Government,Primary,915
Queensland,Government,Secondary,185
Queensland,Government,Special,44
Queensland,Independent,Combined,143
Queensland,Independent,Primary,26
Queensland,Independent,Secondary,13
Queensland,Independent,Special,22
South Australia,Catholic,Combined,23
South Australia,Catholic,Primary,67
South Australia,Catholic,Secondary,9
South Australia,Catholic,Special,3
South Australia,Government,Combined,75
South Australia,Government,Primary,354
South Australia,Government,Secondary,65
South Australia,Government,Special,18
South Australia,Independent,Combined,62
South Australia,Independent,Primary,32
South Australia,Independent,Secondary,4
South Australia,Independent,Special,4
Tasmania,Catholic,Combined,8
Tasmania,Catholic,Primary,24
Tasmania,Catholic,Secondary,5
Tasmania,Catholic,Special,1
Tasmania,Government,Combined,25
Tasmania,Government,Primary,126
Tasmania,Government,Secondary,37
Tasmania,Government,Special,4
Tasmania,Independent,Combined,22
Tasmania,Independent,Primary,7
Tasmania,Independent,Secondary,0
Tasmania,Independent,Special,2
Victoria,Catholic,Combined,14
Victoria,Catholic,Primary,391
Victoria,Catholic,Secondary,85
Victoria,Catholic,Special,6
Victoria,Government,Combined,82
Victoria,Government,Primary,1120
Victoria,Government,Secondary,245
Victoria,Government,Special,81
Victoria,Independent,Combined,147
Victoria,Independent,Primary,36
Victoria,Independent,Secondary,9
Victoria,Independent,Special,22
Western Australia,Catholic,Combined,26
Western Australia,Catholic,Primary,112
Western Australia,Catholic,Secondary,22
Western Australia,Catholic,Special,4
Western Australia,Government,Combined,83
Western Australia,Government,Primary,535
Western Australia,Government,Secondary,108
Western Australia,Government,Special,65
Western Australia,Independent,Combined,92
Western Australia,Independent,Primary,31
Western Australia,Independent,Secondary,6
Western Australia,Independent,Special,10
